<?xml version="1.0" encoding="UTF-8" standalone="yes"?>
<addon id="plugin.program.dailyupdateswiz" name="[COLOR red][B]DAILY[/B][/COLOR] [COLOR white][B]UPDATES[/B][/COLOR] [COLOR blue][B]WIZARD[/B][/COLOR]" version="6.0.5" provider-name="[COLOR red]Daily[/COLOR] [COLOR white]Updates[/COLOR] [COLOR blue]Team[/COLOR]">
  <requires>
    <import addon="xbmc.python" version="2.1.0"/>
	<import addon="script.module.addon.common" />
  </requires>
  <extension point="xbmc.python.pluginsource" library="default.py">
        <provides>executable</provides>
  </extension>
  <extension point="xbmc.addon.metadata">
    <summary lang="en">[COLOR red][B]DAILY[/B][/COLOR] [COLOR white][B]UPDATES[/B][/COLOR] [COLOR blue][B]WIZARD[/B][/COLOR]</summary>
    <description lang="en">[COLOR red][B]DAILY[/B][/COLOR] [COLOR white][B]UPDATES[/B][/COLOR] [COLOR blue][B]WIZARD[/B][/COLOR] provides access to [COLOR red]Daily[/COLOR] [COLOR white]Updates[/COLOR] [COLOR blue]Team[/COLOR] official builds, community builds and various maintenance/development functions</description>
    <platform>all</platform>
  </extension>
</addon>
