﻿<?xml version="1.0" encoding="UTF-8" standalone="yes"?>
<addon id="plugin.video.moviesultimate" name="MoviesUltimate" version="1.0.0" provider-name="Team Ultimate">
  <requires>
    <import addon="xbmc.python" version="2.1.0"/>
    <import addon="script.module.requests" /> 
	<import addon="plugin.video.p2p-streams" optional="true"/>
  </requires>
  <extension point="xbmc.python.pluginsource" library="default.py">
        <provides>video</provides>
  </extension>
  <extension point="xbmc.addon.metadata">
    <summary lang="en">Las mejores peliculas en un solo lugar!</summary>
    <description lang="en">Team Ultimate trae para ti este gran addon FREE contenido variado desde las peliculas en latino, ingles , Anime , y Series de TV. Esperemos que lo disfrutes! Visita Nuestra Web http://ftatesters.org/web</description>
    <disclaimer lang="en"></disclaimer>
    <platform>all</platform>
  </extension>
</addon>