<?xml version="1.0" encoding="UTF-8" standalone="yes"?>
<addon id="plugin.video.infadroidwizard" name="Infadroid Wizard" version="1.0.3" provider-name="Infadroid.tk">
  <requires>
    <import addon="xbmc.python" version="2.1.0"/>
  </requires>
  <extension point="xbmc.python.pluginsource" library="default.py">
        <provides>video executable</provides>
  </extension>
  <extension point="xbmc.addon.metadata">
    <summary lang="en">Infadroid Wizard</summary>
    <description lang="en">Infadroid Wizard provides an easy way to installing addons to your Infadroid device</description>
    <platform>all</platform>
  </extension>
</addon>
