<?xml version="1.0" encoding="UTF-8" standalone="yes"?>
    <addon id="plugin.video.dupdates" version="1.0.4" name="[COLOR red]Daily Updates[COLOR white]TV[/COLOR]" provider-name="[COLOR red]Daily Updates[/COLOR]">
    <requires>
        <import addon="xbmc.python" version="2.1.0"/>        
    </requires>
    <extension point="xbmc.python.pluginsource" library="default.py">
        <provides>video</provides>
    </extension>
    <extension point="xbmc.addon.metadata">
        <summary>[COLOR red]Daily Updates [COLOR white]TV[/COLOR]</summary>
        <description>Daily Updates.</description>
        <disclaimer>The author does not host or distribute any of the content displayed by this addon. The author does not have any affiliation with the content providers.</disclaimer>
        <language>en</language>
        <platform>all</platform>
        <source></source>
        <email></email>
    </extension>
</addon>
