<addon id="plugin.video.testersultimate" name="Testers Ultimate" version="2.0.1" provider-name="Pipcan">
<requires>
<import addon="xbmc.python" version="2.1.0"/>
<import addon="script.module.simplejson" version="3.3.0"/>
<import addon="script.module.urlresolver"  version="2.1.2"/>
<import addon="script.module.addon.common" />
</requires>
<extension point="xbmc.python.pluginsource" library="default.py">
<provides>video</provides>
</extension>
<extension point="xbmc.addon.metadata">
<summary lang="en"/>
<language>en</language>
<description lang="en">Addon Provided By
http://facebook.com/kodicontrol  message or leave a comment</description>
<platform>all</platform>
</extension>
</addon>
