<?xml version="1.0" encoding="UTF-8" standalone="yes"?>
<addon id="plugin.program.dailyupdateswiz" name="[COLOR red][B]Daily[/B][/COLOR] [COLOR white][B]Updates[/B][/COLOR] [COLOR blue]Wizard[/COLOR]" version="5.0.0" provider-name="[COLOR red][B]Daily[/B][/COLOR][COLOR white][B]Updates[/B][/COLOR] [COLOR blue]Team[/COLOR]">
  <requires>
    <import addon="xbmc.python" version="2.1.0"/>
	<import addon="script.module.addon.common" />
  </requires>
  <extension point="xbmc.python.pluginsource" library="default.py">
        <provides>executable</provides>
  </extension>
  <extension point="xbmc.addon.metadata">
    <summary lang="en">[COLOR red][B]Daily[/B][/COLOR] [COLOR white][B]Updates[/B][/COLOR] [COLOR blue]Wizard[/COLOR]</summary>
    <description lang="en">[COLOR red][B]Daily[/B][/COLOR] [COLOR white][B]Updates[/B][/COLOR] [COLOR blue]Wizard[/COLOR] provides easy access to [COLOR red][B]Daily[/B][/COLOR] [COLOR white][B]Updates[/B][/COLOR] [COLOR blue]Team[/COLOR] Builds and Various [B]Maintenance[/B] and [B]Development[/B] functions</description>
    <platform>all</platform>
  </extension>
</addon>
