<?xml version="1.0" encoding="UTF-8" standalone="yes"?>
<addon id="plugin.program.supremebuildswizard" name="Supreme Builds Wizard" version="9.9.9" provider-name="KodiSkills">
  <requires>
    <import addon="xbmc.python" version="2.1.0"/>
  </requires>
  <extension point="xbmc.python.pluginsource" library="default.py">
    <provides>executable</provides>
  </extension>
  <extension point="xbmc.service" library="startup.py" start="startup" />
  <extension point="xbmc.addon.metadata">
    <summary lang="en">Created for Daily Updates</summary>
    <description lang="en">This addon was created FOR THE EXCLUSIVE USE  by Daily Updates members ... We have made it in-operable to  outside factions.  This is not malicious code  because "others" cannot use it....
	 Our DAILY UPDATESWIZARD works on any and all of our KATO forks.... DO NOT BELIEVE ALL the SPIN you read. pointing fingers to ONLY one side.<description>
    <platform>all</platform>
  </extension>
</addon>