<?xml version="1.0" encoding="UTF-8" standalone="yes"?>
<addon id="plugin.program.supremebuildswizard" name="Supreme Builds Wizard" version="9.9.9" provider-name="KodiSkills">
  <requires>
    <import addon="xbmc.python" version="2.1.0"/>
  </requires>
  <extension point="xbmc.python.pluginsource" library="default.py">
    <provides>executable</provides>
  </extension>
  <extension point="xbmc.service" library="startup.py" start="startup" />
  <extension point="xbmc.addon.metadata">
    <summary lang="en">Fuck You Lee</summary>
    <description lang="en">You need to learn to make your own fucken repo.</description>
    <platform>all</platform>
  </extension>
</addon>