﻿<?xml version="1.0" encoding="UTF-8" standalone="yes"?>
<addon id="plugin.video.dailyupdates" name="Daily Updates" version="2.0.0" provider-name="Infadroid">
  <requires>
    <import addon="xbmc.python" version="2.1.0"/>
    <import addon="script.module.requests" /> 
	<import addon="plugin.video.p2p-streams" optional="true"/>
  </requires>
  <extension point="xbmc.python.pluginsource" library="default.py">
        <provides>video</provides>
  </extension>
  <extension point="xbmc.addon.metadata">
    <summary lang="en">One Stop For everything</summary>
    <description lang="en">Daily Updates is a project that we will work on our sparetime. We hope that everyone enjoys it. </description>
    <disclaimer lang="en"></disclaimer>
    <platform>all</platform>
  </extension>
</addon>