﻿<?xml version="1.0" encoding="UTF-8" standalone="yes"?>
<addon id="repository.shadowcrew" name="ShadowCrew" version="2.0.0" provider-name="ShadowCrew">
	<extension point="xbmc.addon.repository" name="ShadowCrew Repository">
		<info compressed="false">http://shadowcrew.info/shadows/addons.xml</info>
		<checksum>http://shadowcrew.info/shadows/addons.xml.md5</checksum>
		<datadir zip="true">http://shadowcrew.info/shadows/zips</datadir>
	</extension>
	<extension point="xbmc.addon.metadata">
    <summary lang="en"> Join us at http://robinhoodgroup-tv.info/community/index.php</summary>
    <description lang="en">Special Thank you to Hakamac, Metal Kettle and Xunity</description>
		<platform>all</platform>
	</extension>
</addon>

