<?xml version="1.0" encoding="UTF-8" standalone="yes"?>
<addon id="plugin.video.updater"
       name="Updater"
       version="2.0.6"
       provider-name="Original Addon Created by Pipcan">
  <requires>
    <import addon="xbmc.python" version="2.1.0"/>
  </requires>
  <extension point="xbmc.python.pluginsource"
            library="default.py">
        <provides>video</provides>
  </extension>
  <extension point="xbmc.addon.metadata">
    <summary lang="en">Easy way to update your files</summary>
    <language>en</language>
    <description lang="en"></description>
     <platform>all</platform>
  </extension>
</addon>
