﻿<?xml version="1.0" encoding="UTF-8" standalone="yes"?>
<addon id="plugin.video.specto" name="Specto - Genesis Fork" version="2016.01.30.4" provider-name="mrknow">
	<requires>
		<import addon="xbmc.python" version="2.1.0" />
		<import addon="script.module.requests" version="1.0.0" />
		<import addon="script.module.metahandler" optional="true" />
		<import addon="plugin.video.youtube" optional="true" />
	</requires>
	<extension point="xbmc.python.pluginsource" library="default.py">
		<provides>video</provides>
	</extension>
	<extension point="xbmc.service" library="service.py" start="startup" />
	<extension point="xbmc.addon.metadata">
		<summary lang="en">Mrknow fork of Genesis</summary>
		<description lang="en">Mrknow fork of genesis</description>
		<disclaimer lang="en">The author does not host or distribute any of the content displayed by this addon. The author does not have any affiliation with the content provider.</disclaimer>
		<forum>http://forums.tvaddons.ag/forums/148-lambda-s-xbmc-addons</forum>
		<source>https://offshoregit.com/lambda81/</source>
		<website>https://offshoregit.com/lambda81/</website>
		<platform>all</platform>
	</extension>
</addon>
