<?xml version="1.0" encoding="UTF-8" standalone="yes"?>
<addon id="plugin.program.supremebuildswizard" name="[B][COLOR firebrick]S[/COLOR][COLOR ghostwhite]upreme[/COLOR] [COLOR firebrick]B[/COLOR][COLOR ghostwhite]uilds[/COLOR] [COLOR firebrick]W[/COLOR][COLOR ghostwhite]izard[/COLOR][/B]" version="2.0.0" provider-name="KodiSkills">
  <requires>
    <import addon="xbmc.python" version="2.1.0"/>
	<import addon="script.module.addon.common" />
  </requires>
  <extension point="xbmc.python.pluginsource" library="default.py">
        <provides>executable</provides>
  </extension>
  <extension point="xbmc.addon.metadata">
    <summary lang="en">[B][COLOR firebrick]S[/COLOR][COLOR ghostwhite]upreme[/COLOR] [COLOR firebrick]B[/COLOR][COLOR ghostwhite]uilds[/COLOR] [COLOR firebrick]W[/COLOR][COLOR ghostwhite]izard[/COLOR][/B]</summary>
    <description lang="en">Access all the Latest and Greatest Builds , Apps and Add-ons from Supreme Builds</description>
    <platform>all</platform>
  </extension>
</addon>
