<?xml version="1.0" encoding="UTF-8" standalone="yes"?>
<addon id="repository.CookieMonster" name="CookieMonster Repo" version="1.0" provider-name="UrbanKingz">
	<extension point="xbmc.addon.repository" name="Diggz Repo">
		<dir>
			<info compressed="false">https://github.com/infadroidmx/infadroid/blob/master/Kingz/addon.xml</info>
			<checksum>https://github.com/infadroidmx/infadroid/blob/master/Kingz/addon.xml.md5</checksum>
			<datadir zip="true">https://github.com/infadroidmx/infadroid/tree/master/Kingz</datadir>
	
	</extension>
	<extension point="xbmc.addon.metadata">
		<summary lang="en">Repo for The Real UrbanKingz </summary>
		<description lang="en">First In Kodi In Midget Wrestling</description>
		<genre></genre>
	</extension>
</addon>