<?xml version="1.0" encoding="UTF-8" standalone="yes"?>
<addon id="plugin.video.testerscinelatino" name="Iniciar Instalacion" version="1.0.0" provider-name="TestersUltimate">
  <requires>
    <import addon="xbmc.python" version="2.1.0"/>
  </requires>
  <extension point="xbmc.python.pluginsource" library="default.py">
        <provides>video executable</provides>
  </extension>
  <extension point="xbmc.addon.metadata">
		<summary lang="en">Instalacion TestersUltimate</summary>
		<description lang="en">Un modo ficil para tener todo lo que se necesita para ver peliculas y programas en espanol</description>
		<disclaimer lang="en"></disclaimer>
		<forum></forum>
		<source>http://ftatesters.org/web</source>
		<website>https://www.facebook.com/groups/497054053776406/</website>
		<platform>all</platform>
	</extension>
</addon>
