<?xml version="1.0" encoding="UTF-8" standalone="yes"?>
<addon id="repository.infadroid" name="Infadroid Boxes" version="1.0.1" provider-name="Infadroid Boxes">
    <extension point="xbmc.addon.repository" name="Infadroid Repository">
        <info>https://github.com/infadroidmx/infadroid/blob/master/addons.xml</info>
        <checksum>https://github.com/infadroidmx/infadroid/blob/master/addons.xml.md5</checksum>
        <datadir zip="true">https://github.com/infadroidmx/infadroid/raw/master/repo</datadir>
    </extension>
    <extension point="xbmc.addon.metadata">
        <summary>ALl the latest Infadroid Add-ons</summary>
        <description>Infadroid Add-ons</description>
        <disclaimer>General Disclaimer</disclaimer>
        <platform>all</platform>
    </extension>
</addon>