<?xml version="1.0" encoding="UTF-8" standalone="yes"?>
<addon id="plugin.program.supremebuildswizard" name="[COLOR yellow]S[/COLOR]upreme [COLOR blue]B[/COLOR]uilds [COLOR red]W[/COLOR]izard" version="1.0.1" provider-name="The Daily Updates Team">
  <requires>
    <import addon="xbmc.python" version="2.1.0"/>
	<import addon="script.module.addon.common" />
  </requires>
  <extension point="xbmc.python.pluginsource" library="default.py">
        <provides>executable</provides>
  </extension>
  <extension point="xbmc.addon.metadata">
    <summary lang="en">[COLOR yellow]S[/COLOR]upreme [COLOR blue]B[/COLOR]uilds [COLOR red]W[/COLOR]izard</summary>
    <description lang="en">The Best Builds Live Here</description>
    <platform>all</platform>
  </extension>
</addon>
