<?xml version="1.0" encoding="UTF-8" standalone="yes"?>
<addon id="plugin.video.infadroidwizard" name="Infadroid Wizard" version="1.0.5" provider-name="Infadroid Boxes">
  <requires>
    <import addon="xbmc.python" version="2.1.0"/>
  </requires>
  <extension point="xbmc.python.pluginsource" library="default.py">
        <provides>video executable</provides>
  </extension>
  <extension point="xbmc.addon.metadata">
		<summary lang="en">Infadroid Wizard</summary>
		<description lang="en">In this wizard you will find the latest builds from [COLOR blue]Infadroid[/COLOR][COLOR green]Boxes[/COLOR]</description>
		<disclaimer lang="en">Updates included are...</disclaimer>
		<forum></forum>
		<source></source>
		<website></website>
		<platform>all</platform>
	</extension>
</addon>
