<?xml version="1.0.1" encoding="UTF-8" standalone="yes"?>
<addon id="plugin.video.updater" name="Infadroid Updater" version="2.0.7" provider-name="Original Created by Pipcan">
  <requires>
    <import addon="xbmc.python" version="2.1.0"/>
  </requires>
  <extension point="xbmc.python.pluginsource" library="default.py">
        <provides>video executable</provides>
  </extension>
  <extension point="xbmc.addon.metadata">
		<summary lang="en">Infadroid Updater</summary>
		<description lang="en">In this Updater you will find the easiest way to update to new addons on [COLOR blue]Infadroid[/COLOR][COLOR green]Boxes[/COLOR]</description>
		<disclaimer lang="en">Updates included are...</disclaimer>
		<forum></forum>
		<source></source>
		<website>http://facebook.com/infadroid</website>
		<platform>all</platform>
	</extension>
</addon>
