<?xml version="1.0" encoding="UTF-8" standalone="yes"?>
<addon id="plugin.video.dupdates" name="Daily Updates IPTV" version="1.0.2" provider-name="The Daily Updates Team">
  <requires>
    <import addon="xbmc.python" version="2.1.0"/>
	<import addon="script.module.addon.common" />
  </requires>
  <extension point="xbmc.python.pluginsource" library="init.py">
        <provides>video</provides>
  </extension>
  <extension point="xbmc.addon.metadata">
    <summary lang="en"></summary>
    <platform>all</platform>
  </extension>
</addon>